name|email
Kai Dodson|felis.purus.ac@antedictum.edu
Xandra Perry|velit.egestas.lacinia@nibhPhasellusnulla.co.uk
Ryder Henry|dignissim@ametmassa.com
Ainsley Bauer|orci@rhoncusDonec.edu
Ayanna Burch|amet@eu.ca
Herman Bailey|elit.pellentesque.a@mauris.net
Tanisha Glenn|metus@odioNaminterdum.co.uk
Fallon Mcdaniel|diam.Sed@quamafelis.net
Reece Stevens|In.tincidunt@euturpis.net
Bruce Tillman|commodo.at@nec.edu
Gregory Wood|odio.auctor.vitae@euismodin.ca
Rogan Young|pede.et@eunulla.ca
Stella Holmes|nulla@malesuada.com
Sydnee Pope|Donec.tempor.est@malesuada.org
Rylee Valdez|neque@vitaesemperegestas.co.uk
Xyla Johnston|tempus@egestas.ca
Shaeleigh Wyatt|natoque@dolor.edu
Orlando Faulkner|sed@Ut.ca
Maite Mack|consequat.nec.mollis@tinciduntdui.com
Daniel Mitchell|vel.mauris.Integer@etmagnis.edu
Lucius Michael|vehicula.risus.Nulla@tempusnon.edu
Leila Giles|iaculis@orciPhasellusdapibus.org
Linda Rivera|elit@non.co.uk
Deacon Lindsay|non@diamDuismi.com
Heather Whitfield|pulvinar@pedeac.ca
Ora Meadows|Pellentesque.ultricies.dignissim@tinciduntdui.ca
Maxine Gilliam|sollicitudin.adipiscing@massaQuisqueporttitor.com
Jayme Camacho|erat.Sed@urnasuscipit.com
Charles Sawyer|enim.Curabitur@eratSed.ca
Mechelle Kane|consequat.lectus@euismod.org
Zelda Combs|tristique@Curabitur.co.uk
Oren Cross|odio@euismodestarcu.org
Declan Mccray|blandit.congue.In@tristiquesenectus.ca
Flynn Fry|Proin@liberodui.com
Nelle Nunez|lobortis.nisi.nibh@magna.edu
Kirsten Leon|tortor.Nunc@dignissim.co.uk
Cadman Cook|luctus.felis@a.edu
Octavia Frederick|fermentum.metus@inmagnaPhasellus.co.uk
Yvonne Cote|varius.Nam@Donecsollicitudinadipiscing.co.uk
Natalie Smith|Proin.non.massa@Aliquam.ca
Tana Duran|egestas.nunc.sed@auguescelerisquemollis.com
Lester Berger|et.magnis.dis@nec.net
McKenzie Burns|dui@eunibh.org
Jenette Clemons|adipiscing@sit.net
Alice Brown|dolor@lectus.com
Christine Levine|aliquam.eros@natoque.ca
Jessica Gallagher|dictum.eleifend.nunc@auctorodioa.org
Maxine Yang|rutrum.eu@Suspendissealiquet.edu
Hannah Haney|montes@turpisnon.org
Nigel Hester|Nunc.mauris@ornare.com
Lesley Moran|et@utcursus.net
Alfonso Sampson|eu.nulla@diam.edu
Zachary Rowland|vitae@volutpat.edu
Harriet Witt|orci.tincidunt.adipiscing@hendreritconsectetuercursus.edu
Jelani Travis|feugiat.Lorem@Integer.net
Lydia Blevins|nisl.elementum@diam.com
Wynne Flynn|orci@laciniaSed.com
Sophia Tate|Donec@temporlorem.net
Keely Chang|sed.est.Nunc@et.net
Ulric Bush|risus@facilisisloremtristique.com
Xerxes Pace|dolor.sit@euerat.com
Rajah Sanchez|erat.nonummy@arcuVestibulum.org
Norman Cooper|iaculis.aliquet.diam@nullavulputate.ca
Alfreda Perez|ut@ipsum.edu
Perry Zamora|vulputate.risus@mollis.edu
Gareth Barnett|malesuada.vel@mauriseu.co.uk
Baxter Hendrix|malesuada@tincidunt.co.uk
Erasmus Garrison|aliquet.lobortis.nisi@nuncrisusvarius.org
Cathleen Watson|feugiat@magnaseddui.org
Amir Mccray|lorem.sit@euismod.co.uk
Britanney Acevedo|orci@pharetrased.net
Libby Mcmahon|magna.Lorem@eunullaat.co.uk
Kelly Bird|Suspendisse.non.leo@eget.edu
Iona Cervantes|purus.ac.tellus@ipsumSuspendissenon.net
Denton Shepherd|mi@volutpat.edu
Brennan Joyce|adipiscing.Mauris.molestie@Quisqueporttitor.org
Felix George|Cras@loremac.com
Brock Parker|ut@habitantmorbitristique.net
Flavia Wynn|Ut.tincidunt@maurisrhoncus.edu
Harding Rios|Quisque.nonummy.ipsum@sagittis.co.uk
Allen Stone|sed.leo@pede.net
Salvador Levy|mi.Duis.risus@malesuadafringilla.com
Cedric Goodman|molestie@lectusNullamsuscipit.com
Naida Kane|tincidunt@turpis.net
Laurel Mccormick|Aliquam@auctorvitae.net
Mira Peters|Etiam@parturientmontes.edu
Mohammad Santana|molestie@diam.org
Dexter Giles|nec.leo@SuspendisseeleifendCras.co.uk
Uta Edwards|porttitor.scelerisque@iaculisquis.edu
Evangeline Oneil|ultrices.posuere.cubilia@tempor.edu
Zoe Levy|nibh.Phasellus.nulla@odioPhasellus.edu
Omar Mcfarland|velit@MorbimetusVivamus.net
Donna Pickett|sed.libero.Proin@sociisnatoquepenatibus.com
Yuli Gregory|egestas.a@maurissapiencursus.com
Reagan Hughes|non.egestas@nisi.net
Justina Peterson|ante.dictum.mi@auctorodioa.co.uk
Hector Walls|per@fermentumconvallis.org
Judah George|dui.augue@Duis.org
Diana Pugh|lectus@Nullamnisl.edu
Armando Stark|molestie.pharetra.nibh@Sedidrisus.ca