title|author_id
tincidunt|98
tortor at|24
risus. Donec nibh enim,|89
tincidunt tempus risus. Donec|85
Donec|35
natoque penatibus|14
dictum mi, ac mattis|28
lobortis quam a felis ullamcorper|57
dapibus|29
a felis ullamcorper viverra.|20
metus.|48
Ut|92
convallis erat, eget tincidunt|48
diam lorem, auctor quis,|30
Curabitur consequat, lectus|37
lorem vitae|59
interdum|89
magna et|32
scelerisque mollis. Phasellus libero mauris,|29
libero.|48
adipiscing ligula.|35
lorem, vehicula|17
mi lacinia mattis. Integer eu|62
luctus. Curabitur egestas|43
faucibus.|79
eros nec|18
semper rutrum. Fusce dolor quam,|81
sollicitudin commodo ipsum.|97
erat, eget|95
tortor, dictum eu,|74
cursus a, enim. Suspendisse aliquet,|31
eget lacus. Mauris non dui|44
tellus non magna.|42
tincidunt tempus risus. Donec|15
id enim. Curabitur massa.|73
ut,|12
massa|91
commodo hendrerit. Donec porttitor tellus|32
ullamcorper, velit in|22
Sed|69
sociis|20
risus. Nulla eget metus|64
Quisque porttitor eros|71
blandit enim|10
ultrices. Duis|20
Aliquam tincidunt, nunc ac|67
Cras|74
at lacus. Quisque purus sapien,|64
massa. Mauris|57
Nunc|47
tincidunt nibh. Phasellus nulla. Integer|71
tempor diam|65
nunc id enim.|38
mi lacinia mattis.|82
ullamcorper, velit in|54
amet risus.|81
Donec feugiat metus sit amet|45
Cum|76
penatibus et magnis dis parturient|48
faucibus orci luctus|84
fames ac turpis egestas. Aliquam|71
Nunc pulvinar|37
Donec dignissim magna a tortor.|58
ornare egestas ligula.|54
turpis egestas. Aliquam fringilla cursus|83
gravida. Aliquam tincidunt, nunc ac|96
purus.|10
a,|90
mauris a nunc. In|24
vitae velit egestas|50
ligula. Aliquam|90
dolor sit amet, consectetuer|74
sed tortor. Integer|91
Vestibulum ut eros non enim|51
velit egestas lacinia.|49
arcu. Sed eu nibh|34
lobortis quis, pede. Suspendisse dui.|55
Duis gravida. Praesent|12
magna|60
ante ipsum|20
vulputate velit|98
vitae, orci.|81
sagittis. Nullam vitae|40
massa. Suspendisse|48
magna.|30
nibh vulputate mauris sagittis placerat.|10
molestie tellus. Aenean egestas|23
nibh dolor, nonummy|29
erat neque|31
amet metus. Aliquam erat|91
est,|11
fermentum vel,|86
sit amet, consectetuer adipiscing elit.|22
sem|61
vitae|38
parturient montes, nascetur ridiculus mus.|10
aliquet odio. Etiam ligula|76
eleifend. Cras sed leo.|31
tempus|75
Donec sollicitudin adipiscing|21